{
  "timestamp": 1767839939.6037695,
  "total_games": 99,
  "leaderboard": [
    {
      "name": "Flash",
      "avg_profit": 2674.52,
      "win_rate": 28.52,
      "total_hands": 11869,
      "total_cost": 137.8457066,
      "avg_cost_per_decision": 0.0057263919325357265,
      "avg_reasoning_tokens": 582.0938434695912
    },
    {
      "name": "Elon",
      "avg_profit": 1518.69,
      "win_rate": 36.64,
      "total_hands": 9115,
      "total_cost": 39.24589514999999,
      "avg_cost_per_decision": 0.002318812121122599,
      "avg_reasoning_tokens": 995.1231905465288
    },
    {
      "name": "Minni",
      "avg_profit": -179.52,
      "win_rate": 45.66,
      "total_hands": 9611,
      "total_cost": 192.08760625,
      "avg_cost_per_decision": 0.008408299682643904,
      "avg_reasoning_tokens": 3869.4072225869995
    },
    {
      "name": "Claude",
      "avg_profit": -4013.69,
      "win_rate": 27.82,
      "total_hands": 8225,
      "total_cost": 205.08952499999995,
      "avg_cost_per_decision": 0.012977064350797263,
      "avg_reasoning_tokens": 620.050556821058
    }
  ],
  "aggregated_stacks": {
    "Flash": [
      10000.0,
      10083.787878787878,
      10260.90909090909,
      10245.555555555555,
      10398.38383838384,
      10356.464646464647,
      10356.212121212122,
      10371.363636363636,
      10409.242424242424,
      10489.79797979798,
      10524.39393939394,
      10573.131313131313,
      10601.919191919193,
      10567.828282828283,
      10460.0,
      10565.555555555555,
      10609.494949494949,
      10515.050505050505,
      10687.777777777777,
      10714.040404040405,
      10714.545454545454,
      10808.080808080807,
      10906.818181818182,
      10979.040404040405,
      10817.424242424242,
      10848.38383838384,
      10980.454545454546,
      10987.020202020201,
      10903.68686868687,
      10999.59595959596,
      10874.09090909091,
      10878.888888888889,
      10873.838383838383,
      10961.666666666666,
      10953.38383838384,
      10921.565656565657,
      10940.252525252525,
      11031.414141414141,
      10876.111111111111,
      11009.545454545454,
      11020.30303030303,
      11001.767676767677,
      10983.080808080807,
      11022.474747474747,
      10949.747474747475,
      11084.949494949495,
      11185.959595959595,
      11363.737373737375,
      11251.414141414141,
      11250.40404040404,
      11245.30303030303,
      11068.030303030304,
      11152.878787878788,
      11341.515151515152,
      11414.494949494949,
      11528.131313131313,
      11560.959595959595,
      11664.747474747475,
      11659.444444444445,
      11486.464646464647,
      11499.444444444445,
      11498.282828282829,
      11466.464646464647,
      11562.676767676769,
      11582.878787878788,
      11516.717171717171,
      11456.363636363636,
      11479.848484848484,
      11454.848484848484,
      11569.242424242424,
      11652.828282828283,
      11563.787878787878,
      11888.68686868687,
      11820.0,
      11947.525252525253,
      11950.555555555555,
      11784.09090909091,
      11802.525252525253,
      11877.323232323231,
      11930.353535353535,
      11818.737373737375,
      11963.434343434343,
      12104.69696969697,
      12092.070707070707,
      12075.90909090909,
      12088.68686868687,
      11892.222222222223,
      11848.535353535353,
      11832.121212121212,
      11841.565656565657,
      11800.151515151516,
      11821.363636363636,
      11903.68686868687,
      11890.555555555555,
      11831.969696969696,
      11911.61616161616,
      11853.535353535353,
      11807.323232323231,
      12016.161616161617,
      12035.30303030303,
      11953.10101010101,
      11970.020202020201,
      11917.242424242424,
      12026.787878787878,
      12063.656565656565,
      12050.979797979799,
      12006.282828282829,
      12037.09090909091,
      12132.161616161617,
      12172.818181818182,
      12169.787878787878,
      12053.121212121212,
      12044.787878787878,
      12201.60606060606,
      12217.515151515152,
      12446.959595959595,
      12637.868686868687,
      12707.31313131313,
      12581.30303030303,
      12702.454545454546,
      12656.242424242424,
      12696.141414141413,
      12748.808080808081,
      12711.434343434343,
      12759.919191919193,
      12691.9898989899,
      12804.61616161616,
      12805.878787878788,
      12832.141414141413,
      12882.39393939394,
      12770.525252525253,
      12775.575757575758,
      12805.373737373737,
      12796.787878787878,
      12609.414141414141,
      12537.191919191919,
      12467.09090909091,
      12550.676767676769,
      12529.212121212122,
      12524.414141414141,
      12539.818181818182,
      12536.030303030304,
      12520.626262626263,
      12503.454545454546,
      12543.10101010101,
      12586.787878787878,
      12613.050505050505,
      12745.878787878788,
      12707.494949494949,
      12692.59595959596,
      12674.515151515152
    ],