{
  "timestamp": 1767435373.6762693,
  "total_games": 50,
  "leaderboard": [
    {
      "name": "Flash",
      "avg_profit": 3858.2,
      "win_rate": 67.41,
      "total_hands": 7063,
      "total_cost": 70.6810499,
      "avg_cost_per_decision": 0.0059405824424272995,
      "avg_reasoning_tokens": 628.2255000840478
    },
    {
      "name": "Pro",
      "avg_profit": -3858.2,
      "win_rate": 31.76,
      "total_hands": 7063,
      "total_cost": 416.7273653999999,
      "avg_cost_per_decision": 0.029156045994542776,
      "avg_reasoning_tokens": 1276.5627230112643
    }
  ],
  "aggregated_stacks": {
    "Flash": [
      10000.0,
      10007.0,
      9966.0,
      9948.0,
      9886.0,
      9896.0,
      9916.0,
      10005.0,
      9955.0,
      9924.0,
      10125.0,
      10126.0,
      10216.0,
      10191.0,
      10291.0,
      10337.0,
      10395.0,
      10375.0,
      10345.0,
      10172.0,
      10142.0,
      10119.0,
      10172.0,
      10248.4,
      10294.4,
      10312.4,
      10392.4,
      10462.4,
      10446.4,
      10419.4,
      10358.4,
      10474.4,
      10529.4,
      10534.4,
      10493.4,
      10550.4,
      10543.4,
      10566.4,
      10575.4,
      10572.4,
      10521.4,
      10501.4,
      10482.4,
      10515.4,
      10586.4,
      10551.4,
      10620.4,
      10612.4,
      10721.4,
      10699.7,
      10833.7,
      10899.7,
      10893.7,
      10944.7,
      10891.7,
      10897.0,
      10983.0,
      11013.0,
      11046.0,
      11051.0,
      10954.0,
      11092.0,
      11086.0,
      11085.0,
      11177.0,
      11142.0,
      11186.0,
      11159.0,
      11172.0,
      11231.0,
      11299.0,
      11347.0,
      11417.0,
      11542.0,
      11563.0,
      11630.0,
      11612.0,
      11648.0,
      11682.0,
      11772.0,
      11845.0,
      11844.0,
      11833.0,
      11929.0,
      11921.0,
      11775.0,
      11826.0,
      11829.0,
      11816.0,
      11903.0,
      11911.0,
      11947.0,
      11921.0,
      11936.6,
      12046.6,
      12183.6,
      12289.6,
      12349.6,
      12306.6,
      12352.6,
      12339.6,
      12387.6,
      12467.6,
      12475.6,
      12541.6,
      12501.6,
      12556.6,
      12613.6,
      12525.6,
      12647.6,
      12634.6,
      12694.6,
      12691.6,
      12660.6,
      12795.6,
      12777.9,
      12840.9,
      12827.9,
      12892.9,
      12864.2,
      12846.2,
      12900.2,
      12970.2,
      12969.2,
      12975.2,
      13024.7,
      12989.7,
      12979.7,
      13150.7,
      13192.7,
      13262.7,
      13284.7,
      13382.7,
      13400.3,
      13468.3,
      13505.7,
      13597.7,
      13623.7,
      13577.7,
      13583.7,
      13569.7,
      13657.7,
      13611.7,
      13543.2,
      13593.2,
      13651.2,
      13721.2,
      13689.2,
      13727.2,
      13771.2,
      13858.2
    ],
    "Pro": [
      10000.0,
      9993.0,
      10034.0,
      10052.0,
      10114.0,
      10104.0,
      10084.0,
      9995.0,
      10045.0,
      10076.0,
      9875.0,
      9874.0,
      9784.0,
      9809.0,
      9709.0,
      9663.0,
      9605.0,
      9625.0,
      9655.0,
      9828.0,
      9858.0,
      9881.0,
      9828.0,
      9751.6,
      9705.6,
      9687.6,
      9607.6,
      9537.6,
      9553.6,
      9580.6,
      9641.6,
      9525.6,
      9470.6,
      9465.6,
      9506.6,
      9449.6,
      9456.6,
      9433.6,
      9424.6,
      9427.6,
      9478.6,
      9498.6,
      9517.6,
      9484.6,
      9413.6,
      9448.6,
      9379.6,
      9387.6,
      9278.6,
      9300.3,
      9166.3,
      9100.3,
      9106.3,
      9055.3,
      9108.3,
      9103.0,
      9017.0,
      8987.0,
      8954.0,
      8949.0,
      9046.0,
      8908.0,
      8914.0,
      8915.0,
      8823.0,
      8858.0,
      8814.0,
      8841.0,
      8828.0,
      8769.0,
      8701.0,
      8653.0,
      8583.0,
      8458.0,
      8437.0,
      8370.0,
      8388.0,
      8352.0,
      8318.0,
      8228.0,
      8155.0,
      8156.0,
      8167.0,
      8071.0,
      8079.0,
      8225.0,
      8174.0,
      8171.0,
      8184.0,
      8097.0,
      8089.0,
      8053.0,
      8079.0,
      8063.4,
      7953.4,
      7816.4,
      7710.4,
      7650.4,
      7693.4,
      7647.4,
      7660.4,
      7612.4,
      7532.4,
      7524.4,
      7458.4,
      7498.4,
      7443.4,
      7386.4,
      7474.4,
      7352.4,
      7365.4,
      7305.4,
      7308.4,
      7339.4,
      7204.4,
      7222.1,
      7159.1,
      7172.1,
      7107.1,
      7135.8,
      7153.8,
      7099.8,
      7029.8,
      7030.8,
      7024.8,
      6975.3,
      7010.3,
      7020.3,
      6849.3,
      6807.3,
      6737.3,
      6715.3,
      6617.3,
      6599.7,
      6531.7,
      6494.3,
      6402.3,
      6376.3,
      6422.3,
      6416.3,
      6430.3,
      6342.3,
      6388.3,
      6456.8,
      6406.8,
      6348.8,
      6278.8,
      6310.8,
      6272.8,
      6228.8,
      6141.8
    ]
  },
  "raw_game_ids": []
}