{
  "timestamp": 1772763025.0106516,
  "total_games": 71,
  "leaderboard": [
    {
      "name": "Flash",
      "avg_profit": 1777.18,
      "win_rate": 41.76,
      "total_hands": 10166,
      "total_cost": 90.6778803,
      "avg_cost_per_decision": 0.005596709066781879,
      "avg_reasoning_tokens": 622.961177632391
    },
    {
      "name": "Pro",
      "avg_profit": 29.79,
      "win_rate": 25.71,
      "total_hands": 10308,
      "total_cost": 207.93710500000014,
      "avg_cost_per_decision": 0.01425789255348328,
      "avg_reasoning_tokens": 450.34860120680196
    },
    {
      "name": "Flashlight",
      "avg_profit": -1806.97,
      "win_rate": 36.99,
      "total_hands": 10138,
      "total_cost": 53.485011325,
      "avg_cost_per_decision": 0.0030320301204648527,
      "avg_reasoning_tokens": 1106.4098072562358
    }
  ],
  "aggregated_stacks": {
    "Flashlight": [
      10000.0,
      9976.760563380281,
      9971.830985915492,
      9926.408450704226,
      9933.450704225352,
      9993.521126760563,
      10008.38028169014,
      9977.74647887324,
      9962.957746478873,
      9948.169014084508,
      9910.845070422536,
      9903.098591549297,
      9890.070422535211,
      9871.408450704226,
      9894.647887323943,
      9982.323943661971,
      9985.845070422536,
      9842.18309859155,
      9755.56338028169,
      9516.478873239437,
      9402.74647887324,
      9380.211267605633,
      9397.81690140845,
      9524.929577464789,
      9593.94366197183,
      9615.774647887323,
      9631.971830985916,
      9645.0,
      9641.478873239437,
      9623.169014084508,
      9611.197183098591,
      9635.140845070422,
      9576.69014084507,
      9572.81690140845,
      9598.169014084508,
      9493.239436619719,
      9596.05633802817,
      9505.915492957747,
      9486.197183098591,
      9696.05633802817,
      9556.971830985916,
      9471.760563380281,
      9528.802816901409,
      9518.94366197183,
      9574.929577464789,
      9426.338028169013,
      9430.56338028169,
      9568.239436619719,
      9653.450704225352,
      9743.94366197183,
      9758.028169014084,
      9762.957746478873,
      9836.197183098591,
      9773.521126760563,
      9755.915492957747,
      9698.169014084508,
      9651.69014084507,
      9649.929577464789,
      9675.985915492958,
      9682.676056338029,
      9594.295774647888,
      9613.30985915493,
      9535.845070422536,
      9541.478873239437,
      9445.774647887323,
      9285.211267605633,
      9372.535211267606,
      9480.985915492958,
      9464.788732394367,
      9439.43661971831,
      9422.535211267606,
      9379.929577464789,
      9352.464788732394,
      9251.05633802817,
      9361.971830985916,
      9324.295774647888,
      9314.43661971831,
      9298.239436619719,
      9305.281690140846,
      9324.295774647888,
      9289.084507042253,
      9287.676056338029,
      9206.69014084507,
      9218.661971830987,
      9173.239436619719,
      9138.732394366198,
      9064.43661971831,
      8995.422535211268,
      8744.014084507042,
      8728.87323943662,
      8618.30985915493,
      8592.957746478873,
      8555.985915492958,
      8636.267605633802,
      8744.718309859154,
      8716.549295774648,
      8731.338028169013,
      8778.521126760563,
      8843.30985915493,
      8827.112676056338,
      8845.422535211268,
      8862.676056338029,
      8829.577464788732,
      8863.38028169014,
      8896.478873239437,
      8897.887323943662,
      8742.25352112676,
      8748.94366197183,
      8665.845070422536,
      8678.30985915493,
      8692.394366197183,
      8619.154929577464,
      8553.661971830987,
      8506.830985915492,
      8632.887323943662,
      8632.535211267606,
      8631.12676056338,
      8571.267605633802,
      8525.140845070422,
      8500.492957746479,
      8549.788732394367,
      8864.929577464789,
      8815.985915492958,
      8691.338028169013,
      8738.87323943662,
      8567.394366197183,
      8509.647887323943,
      8477.605633802817,
      8451.901408450703,
      8376.197183098591,
      8376.901408450703,
      8353.661971830987,
      8319.507042253521,
      8347.676056338029,
      8338.521126760563,
      8404.366197183099,
      8361.408450704226,
      8410.0,
      8421.971830985916,
      8381.830985915492,
      8387.464788732394,
      8412.81690140845,
      8297.676056338029,
      8524.788732394367,
      8466.69014084507,
      8429.718309859154,
      8490.985915492958,
      8282.81690140845,
      8266.61971830986,
      8226.478873239437,
      8193.028169014084
    ],